<keymap version="1" name="Default for XWin copy" parent="Default for XWin">
  <action id="ActivateBuildToolWindow">
    <keyboard-shortcut first-keystroke="alt b" />
  </action>
  <action id="Android.RunLayoutInspector">
    <keyboard-shortcut first-keystroke="shift ctrl l" />
  </action>
  <action id="Android.SyncProject">
    <keyboard-shortcut first-keystroke="shift alt s" />
  </action>
  <action id="AndroidConnectDebuggerAction">
    <keyboard-shortcut first-keystroke="shift ctrl d" />
  </action>
  <action id="Annotate">
    <keyboard-shortcut first-keystroke="ctrl alt a" />
  </action>
  <action id="AutoIndentLines" />
  <action id="Back">
    <mouse-shortcut keystroke="button4" />
  </action>
  <action id="CIDR.Lang.Cpp.GenerateDefinitions" />
  <action id="ChangesView.AddUnversioned" />
  <action id="CleanGradleProject">
    <keyboard-shortcut first-keystroke="ctrl f8" />
  </action>
  <action id="CloseActiveTab">
    <keyboard-shortcut first-keystroke="ctrl alt w" />
  </action>
  <action id="CloseContent">
    <keyboard-shortcut first-keystroke="ctrl f4" />
    <keyboard-shortcut first-keystroke="shift ctrl w" />
  </action>
  <action id="CommentByLineComment">
    <keyboard-shortcut first-keystroke="ctrl divide" />
    <keyboard-shortcut first-keystroke="shift ctrl c" />
  </action>
  <action id="CopyPaths" />
  <action id="DeviceAndSnapshotComboBox">
    <keyboard-shortcut first-keystroke="shift alt d" />
  </action>
  <action id="Diff.ShowSettingsPopup" />
  <action id="EditorDeleteLine">
    <keyboard-shortcut first-keystroke="ctrl y" />
    <keyboard-shortcut first-keystroke="ctrl d" />
  </action>
  <action id="EditorDuplicate" />
  <action id="EditorNextWordInDifferentHumpsMode">
    <keyboard-shortcut first-keystroke="ctrl alt right" />
  </action>
  <action id="EditorNextWordInDifferentHumpsModeWithSelection">
    <keyboard-shortcut first-keystroke="shift ctrl alt right" />
  </action>
  <action id="EditorPreviousWordInDifferentHumpsMode">
    <keyboard-shortcut first-keystroke="ctrl alt left" />
  </action>
  <action id="EditorPreviousWordInDifferentHumpsModeWithSelection">
    <keyboard-shortcut first-keystroke="shift ctrl alt left" />
  </action>
  <action id="EditorScrollToCenter" />
  <action id="EditorToggleCase">
    <keyboard-shortcut first-keystroke="shift ctrl x" />
  </action>
  <action id="EditorUnSelectWord" />
  <action id="ExpressionTypeInfo" />
  <action id="FileStructurePopup">
    <keyboard-shortcut first-keystroke="ctrl f12" />
    <keyboard-shortcut first-keystroke="ctrl o" />
  </action>
  <action id="FindInPath">
    <keyboard-shortcut first-keystroke="shift ctrl p" />
  </action>
  <action id="FindNext">
    <keyboard-shortcut first-keystroke="f3" />
  </action>
  <action id="FindPrevious">
    <keyboard-shortcut first-keystroke="shift f3" />
  </action>
  <action id="FindUsages">
    <keyboard-shortcut first-keystroke="shift ctrl u" />
    <keyboard-shortcut first-keystroke="shift alt u" />
  </action>
  <action id="Forward">
    <mouse-shortcut keystroke="button5" />
  </action>
  <action id="Generate">
    <keyboard-shortcut first-keystroke="shift alt g" />
  </action>
  <action id="Git.Menu">
    <keyboard-shortcut first-keystroke="shift ctrl g" />
  </action>
  <action id="GotoClass">
    <keyboard-shortcut first-keystroke="shift ctrl t" />
  </action>
  <action id="GotoDeclaration">
    <mouse-shortcut keystroke="control button1" />
  </action>
  <action id="GotoFile">
    <keyboard-shortcut first-keystroke="shift ctrl r" />
  </action>
  <action id="GotoImplementation">
    <mouse-shortcut keystroke="control alt button1" />
    <keyboard-shortcut first-keystroke="ctrl alt i" />
  </action>
  <action id="GotoLine">
    <keyboard-shortcut first-keystroke="ctrl l" />
  </action>
  <action id="GotoNextError">
    <keyboard-shortcut first-keystroke="f2" />
    <keyboard-shortcut first-keystroke="ctrl e" />
  </action>
  <action id="GotoTest">
    <keyboard-shortcut first-keystroke="shift alt t" />
  </action>
  <action id="HideAllWindows">
    <keyboard-shortcut first-keystroke="shift ctrl f12" />
    <keyboard-shortcut first-keystroke="ctrl back_slash" />
  </action>
  <action id="Images.ShowThumbnails" />
  <action id="MethodHierarchy">
    <keyboard-shortcut first-keystroke="shift ctrl h" />
    <keyboard-shortcut first-keystroke="ctrl m" />
  </action>
  <action id="MethodHierarchy.OverrideMethodAction" />
  <action id="MoveElementLeft" />
  <action id="MoveElementRight" />
  <action id="Mvc.RunTarget" />
  <action id="NewElementInMenuGroup">
    <keyboard-shortcut first-keystroke="ctrl n" />
  </action>
  <action id="NextSplitter">
    <keyboard-shortcut first-keystroke="shift ctrl n" />
  </action>
  <action id="OverrideMethods" />
  <action id="QuickChangeScheme">
    <keyboard-shortcut first-keystroke="ctrl back_quote" />
    <keyboard-shortcut first-keystroke="shift ctrl number_sign" />
  </action>
  <action id="RebuildGradleProject">
    <keyboard-shortcut first-keystroke="ctrl b" />
  </action>
  <action id="RecentFiles" />
  <action id="ReformatCode">
    <keyboard-shortcut first-keystroke="ctrl alt l" />
    <keyboard-shortcut first-keystroke="shift ctrl f" />
  </action>
  <action id="RenameElement">
    <keyboard-shortcut first-keystroke="shift f6" />
    <keyboard-shortcut first-keystroke="ctrl alt r" />
  </action>
  <action id="ReplaceInPath" />
  <action id="RerunTests" />
  <action id="RunMenu">
    <keyboard-shortcut first-keystroke="shift alt r" />
  </action>
  <action id="ScrollTreeToCenter" />
  <action id="SelectAllOccurrences">
    <keyboard-shortcut first-keystroke="shift ctrl alt j" />
    <keyboard-shortcut first-keystroke="shift ctrl alt o" />
  </action>
  <action id="SelectBuildVariant">
    <keyboard-shortcut first-keystroke="ctrl alt b" />
  </action>
  <action id="ShelveChanges.UnshelveWithDialog" />
  <action id="ShowSettings">
    <keyboard-shortcut first-keystroke="ctrl comma" />
  </action>
  <action id="SplitVertically">
    <keyboard-shortcut first-keystroke="shift ctrl s" />
  </action>
  <action id="ToggleLineBreakpoint" />
  <action id="TypeHierarchy.Class">
    <keyboard-shortcut first-keystroke="shift ctrl o" />
  </action>
  <action id="UpdateRunningApplication" />
  <action id="Vcs.Log.FocusTextFilter" />
  <action id="Vcs.Log.GoToRef">
    <keyboard-shortcut first-keystroke="alt f3" />
  </action>
  <action id="Vcs.ShowMessageHistory" />
  <action id="android.deploy.ApplyChanges">
    <keyboard-shortcut first-keystroke="ctrl f10" />
  </action>
  <action id="android.deploy.CodeSwap">
    <keyboard-shortcut first-keystroke="ctrl alt f10" />
  </action>
  <action id="context.save" />
  <action id="hg4idea.QFold" />
  <action id="hg4idea.QGotoFromPatches" />
  <action id="tasks.switch" />
</keymap>